{
    "requestor_type": false,
    "requested_by": [
        {
            "requestor_name": false,
            "requestor_email": false,
            "requestor_staff_number": false,
            "requestor_lan_id_domain": false,
            "department_name": false
        }
    ],
    "requested_for": false,
    "approved_by": false,
    "approved_on": false,
    "project_name": false,
    "cost_centre": false,
    "business_justification": false,
    "group_entity": false,
    "business_group_manager": false,
    "req_number": false,
    "ritm_number": false,
    "service_ci": false,
    "application_ci": false,
    "number_of_workspaces": false,
    "cloud_platform": true,
    "service_provider": true,
    "service_environment": true,
    "application_environment": true,
    "virtual_appliance": false,
    "hosted_zone_description": true,
    "existing_custom_repo": true,
    "repo_name": true,
    "connectivity_to_cba_system": false,
    "aws_link_size": true,
    "ecmc_workspace": false,
    "azure_link_size": true,
    "email_distribution": true,
    "data_classification": true,
    "cyber_criticality": true,
    "hosts_per_zone": [
        {
            "internally_controlled_hosts": true,
            "restricted_hosts": false,
            "secured_hosts": false,
            "management_hosts": false,
            "externally_controlled_if_hosts": false,
            "externally_controlled_vpc_hosts": false
        }
    ],
    "attachment": false,
    "tra_id": false,
    "functional_soft_limit": false,
    "workspace_description": true,
    "workspace_administrator": [
        {
            "user_name": true,
            "user_email": true,
            "user_staff_number": false,
            "user_lan_id_domain": false
        }
    ],
    "workspace_power_user": true,
    "workspace_user": true,
    "server_administrator": true,
    "server_power_user": true,
    "server_user": true,
    "CustomProperties": true,
    "myparam": [
        {
            "inner-params": {
                "inne-inner-param": true
            }
        }
    ]
}