{
    "request": {
        "ci-number": "CM123456789",
        "request_it_id": "REQ5774467"
    },
    "requestor" : {
        "requestor_name": "Sajith Weerakoon",
        "requestor_email": "sajith.weerakoon@cba.com.au",
        "staff_number": "00564355"
    },
    "workspace": {
        "preferred_name": "cba_dev_fde_onboarding_ws",
        "data_classification": "customer_data",
        "purpose": "Host the onboarding APIs",
        "total_max_number_of_application_components": "6",
        "total_max_number_of_database_components": "2",
        "running_containers": "YES",
        "scaling_requirements": "ENABLE_AUTO_SCALING"
    },
    "containers_cluster_configuration": {
        "maximum_number_of_pods": "4",
        "memory_per_pod": "1G",
        "persistent_volume_claim_needed": "YES"
    },
    "metadata": {
        "scaling_options": [
            "ENABLE_AUTO_SCALING",
            "RUN_AT_MAX_CAPACITY"
        ],
        "data_classification_options": [
            "PUBLIC_DATA",
            "CUSTOMER_DATA",
            "INTERNAL_RECOVERABLE",
            "INTERNAL_NON_RECOVERABLE"
        ]
    }
}