ChangeType,imsID,imsSubTypes,imsFamilies,imsCode,Name,Class,Description,HR Source - Primary Owner ,Primary Owner,HR Source - Secondary Owner,Secondary Owner,Category Structure,Approval Policy,Approval Role - Level 1,Approval Role - Level 2,Approval Role - Level 3,Risk,ITShop,ITShopOnly,Shop Structure,Tags,Transfer Action,Request Properties,MaxValid Days,Leave Action,Dynamic?,Dynamic Query
Create,,,imsRoleApproval,,cba-a-pr-0929076-dpg-prd-cyber_securit Approval Role,Approver Role,Allows users to approve access request to the cba-a-pr-0929076-dpg-prd-cyber_securit workspace roles.,PSHR,00373910,,,OneCloud for Cybersecurity\cba-a-pr-0929076-dpg-prd-cyber_securit,LM and Level 1 Role,cba-a-pr-0929076-dpg-prd-cyber_securit Approval Role,,,,TRUE,FALSE,NDEPT989999\Privileged Access,,Retain Membership,,,Retain Membership,,
Create,,,imsRoleService,,cba-a-pr-0929076-dpg-prd-cyber_securit - Workspace Admin,Business Role,Grants Administrative privileges to the cba-a-pr-0929076-dpg-prd-cyber_securit OneCloud Workspace.,PSHR,00373910,,,OneCloud for Cybersecurity\cba-a-pr-0929076-dpg-prd-cyber_securit,LM and Level 1 Role,cba-a-pr-0929076-dpg-prd-cyber_securit Approval Role,,,,TRUE,FALSE,NDEPT989999\Privileged Access,,Retain Membership,,,Retain Membership,,
Create,,,imsRoleService,,cba-a-pr-0929076-dpg-prd-cyber_securit - Workspace Puser,Business Role,Grants Power User privileges to the cba-a-pr-0929076-dpg-prd-cyber_securit OneCloud Workspace.,PSHR,00373910,,,OneCloud for Cybersecurity\cba-a-pr-0929076-dpg-prd-cyber_securit,LM and Level 1 Role,cba-a-pr-0929076-dpg-prd-cyber_securit Approval Role,,,,TRUE,FALSE,NDEPT989999\Privileged Access,,Retain Membership,,,Retain Membership,,
Create,,,imsRoleService,,cba-a-pr-0929076-dpg-prd-cyber_securit - Workspace User,Business Role,Grants User privileges to the cba-a-pr-0929076-dpg-prd-cyber_securit OneCloud Workspace.,PSHR,00373910,,,OneCloud for Cybersecurity\cba-a-pr-0929076-dpg-prd-cyber_securit,LM and Level 1 Role,cba-a-pr-0929076-dpg-prd-cyber_securit Approval Role,,,,TRUE,FALSE,NDEPT989999\Privileged Access,,Retain Membership,,,Retain Membership,,
Create,,,imsRoleService,,cba-a-pr-0929076-dpg-prd-cyber_securit - VM Admin,Business Role,Grants Admin privileges to the cba-a-pr-0929076-dpg-prd-cyber_securit VM OneCloud instances.,PSHR,00373910,,,OneCloud for Cybersecurity\cba-a-pr-0929076-dpg-prd-cyber_securit,LM and Level 1 Role,cba-a-pr-0929076-dpg-prd-cyber_securit Approval Role,,,,TRUE,FALSE,NDEPT989999\Privileged Access,,Retain Membership,,,Retain Membership,,
Create,,,imsRoleService,,cba-a-pr-0929076-dpg-prd-cyber_securit - VM Puser,Business Role,Grants Power User privileges to the cba-a-pr-0929076-dpg-prd-cyber_securit VM OneCloud instances.,PSHR,00373910,,,OneCloud for Cybersecurity\cba-a-pr-0929076-dpg-prd-cyber_securit,LM and Level 1 Role,cba-a-pr-0929076-dpg-prd-cyber_securit Approval Role,,,,TRUE,FALSE,NDEPT989999\Privileged Access,,Retain Membership,,,Retain Membership,,
Create,,,imsRoleService,,cba-a-pr-0929076-dpg-prd-cyber_securit - VM User,Business Role,Grants User privileges to the cba-a-pr-0929076-dpg-prd-cyber_securit VM OneCloud instances.,PSHR,00373910,,,OneCloud for Cybersecurity\cba-a-pr-0929076-dpg-prd-cyber_securit,LM and Level 1 Role,cba-a-pr-0929076-dpg-prd-cyber_securit Approval Role,,,,TRUE,FALSE,NDEPT989999\Privileged Access,,Retain Membership,,,Retain Membership,,