ChangeType,imsID,imsSvcProfSubTypes,imsSvcProfFamilies,imsSvcProfCode,NameSpace Type,Namespace Name,Container Structure,Name,Display Name,Service Handler,HR Source - Owner,Owner,Description,Risk,PreWin2K GroupName,GroupType1,GroupType2,SLA Delivery Time,Service Profile Category
Create,,Privileged,OneCloud|Workspace,,UNS,AWSIAMOneCloudGAProd_MS,AWSIAMOneCloudGAProd_MS/AWSIAMOneCloudGAProd_MS,SGG-WS-cba-a-pr-0929076-dpg-prd-cyber_securit-Admin,SGG-WS-cba-a-pr-0929076-dpg-prd-cyber_securit-Admin,CBA_ES_Supp_Platform,,,Grants Admin privileges to the cba-a-pr-0929076-dpg-prd-cyber_securit OneCloud Workspace,,,Global,Security,,Privileged
Create,,Privileged,OneCloud|Workspace,,UNS,AWSIAMOneCloudGAProd_MS,AWSIAMOneCloudGAProd_MS/AWSIAMOneCloudGAProd_MS,SGG-WS-cba-a-pr-0929076-dpg-prd-cyber_securit-PUser,SGG-WS-cba-a-pr-0929076-dpg-prd-cyber_securit-PUser,CBA_ES_Supp_Platform,,,Grants Power User privileges to the cba-a-pr-0929076-dpg-prd-cyber_securit OneCloud Workspace,,,Global,Security,,Privileged
Create,,Privileged,OneCloud|Workspace,,UNS,AWSIAMOneCloudGAProd_MS,AWSIAMOneCloudGAProd_MS/AWSIAMOneCloudGAProd_MS,SGG-WS-cba-a-pr-0929076-dpg-prd-cyber_securit-User,SGG-WS-cba-a-pr-0929076-dpg-prd-cyber_securit-User,CBA_ES_Supp_Platform,,,Grants User privileges to the cba-a-pr-0929076-dpg-prd-cyber_securit OneCloud Workspace,,,Global,Security,,Privileged
Create,,Privileged,OneCloud|VM,,UNS,ADonAWSOneCloudGAProd_MS,ADonAWSOneCloudGAProd_MS/ADonAWSOneCloudGAProd_MS,SGG-VM-cba-a-pr-0929076-dpg-prd-cyber_securit-Admin,SGG-VM-cba-a-pr-0929076-dpg-prd-cyber_securit-Admin,CBA_ES_Supp_Platform,,,Grants Admin privileges to the cba-a-pr-0929076-dpg-prd-cyber_securit VM OneCloud Instances,,,Global,Security,,Privileged
Create,,Privileged,OneCloud|VM,,UNS,ADonAWSOneCloudGAProd_MS,ADonAWSOneCloudGAProd_MS/ADonAWSOneCloudGAProd_MS,SGG-VM-cba-a-pr-0929076-dpg-prd-cyber_securit-Puser,SGG-VM-cba-a-pr-0929076-dpg-prd-cyber_securit-Puser,CBA_ES_Supp_Platform,,,Grants Power User privileges to the cba-a-pr-0929076-dpg-prd-cyber_securit VM OneCloud Instances,,,Global,Security,,Privileged
Create,,Privileged,OneCloud|VM,,UNS,ADonAWSOneCloudGAProd_MS,ADonAWSOneCloudGAProd_MS/ADonAWSOneCloudGAProd_MS,SGG-VM-cba-a-pr-0929076-dpg-prd-cyber_securit-User,SGG-VM-cba-a-pr-0929076-dpg-prd-cyber_securit-User,CBA_ES_Supp_Platform,,,Grants User privileges to the cba-a-pr-0929076-dpg-prd-cyber_securit VM OneCloud Instances,,,Global,Security,,Privileged