ChangeType,imsID,imsType,imsSubTypes,imsFamilies,imsCode,Name,Display Name,Description,HR Source - Owner,Owner,Category Structure,Approval Policy,Approval Role - Level 1,Approval Role - Level 2,Approval Role - Level 3,Application,Risk,ITShop,ITShopOnly,Shop Structure,Tags,Transfer Action,Requires Account in PHONS,Request Properties,Max Valid Days,Privileged Enabled
Create,,Privileged,Privileged,,,cba-a-pr-0929076-dpg-prd-cyber_securit-WorkspaceAdmin-SR,cba-a-pr-0929076-dpg-prd-cyber_securit-WorkspaceAdmin-SR,Grants Administrative privileges to the cba-a-pr-0929076-dpg-prd-cyber_securit OneCloud Workspace.,PSHR,00373910,OneCloud for Cybersecurity\cba-a-pr-0929076-dpg-prd-cyber_securit,,,,,cba-a-pr-0929076-dpg-prd-cyber_securit,,FALSE,FALSE,NonRequestableShop\NonRequestableShelf,,Remove Membership,UNS/AWSIAMOneCloudGAProd_MS,FALSE,,FALSE
Create,,Privileged,Privileged,,,cba-a-pr-0929076-dpg-prd-cyber_securit-WorkspacePuser-SR,cba-a-pr-0929076-dpg-prd-cyber_securit-WorkspacePuser-SR,Grants Power User privileges to the cba-a-pr-0929076-dpg-prd-cyber_securit OneCloud Workspace.,PSHR,00373910,OneCloud for Cybersecurity\cba-a-pr-0929076-dpg-prd-cyber_securit,,,,,cba-a-pr-0929076-dpg-prd-cyber_securit,,FALSE,FALSE,NonRequestableShop\NonRequestableShelf,,Remove Membership,UNS/AWSIAMOneCloudGAProd_MS,FALSE,,FALSE
Create,,Privileged,Privileged,,,cba-a-pr-0929076-dpg-prd-cyber_securit-WorkspaceUser-SR,cba-a-pr-0929076-dpg-prd-cyber_securit-WorkspaceUser-SR,Grants User privileges to the cba-a-pr-0929076-dpg-prd-cyber_securit OneCloud Workspace.,PSHR,00373910,OneCloud for Cybersecurity\cba-a-pr-0929076-dpg-prd-cyber_securit,,,,,cba-a-pr-0929076-dpg-prd-cyber_securit,,FALSE,FALSE,NonRequestableShop\NonRequestableShelf,,Remove Membership,UNS/AWSIAMOneCloudGAProd_MS,FALSE,,FALSE
Create,,Privileged,Privileged,,,cba-a-pr-0929076-dpg-prd-cyber_securit-VMAdmin-SR,cba-a-pr-0929076-dpg-prd-cyber_securit-VMAdmin-SR,Grants Admin privileges to the cba-a-pr-0929076-dpg-prd-cyber_securit VM OneCloud instances.,PSHR,00373910,OneCloud for Cybersecurity\cba-a-pr-0929076-dpg-prd-cyber_securit,,,,,cba-a-pr-0929076-dpg-prd-cyber_securit,,FALSE,FALSE,NonRequestableShop\NonRequestableShelf,,Remove Membership,UNS/ADonAWSOneCloudGAProd_MS,FALSE,,FALSE
Create,,Privileged,Privileged,,,cba-a-pr-0929076-dpg-prd-cyber_securit-VMPuser-SR,cba-a-pr-0929076-dpg-prd-cyber_securit-VMPuser-SR,Grants Power User privileges to the cba-a-pr-0929076-dpg-prd-cyber_securit VM OneCloud instances.,PSHR,00373910,OneCloud for Cybersecurity\cba-a-pr-0929076-dpg-prd-cyber_securit,,,,,cba-a-pr-0929076-dpg-prd-cyber_securit,,FALSE,FALSE,NonRequestableShop\NonRequestableShelf,,Remove Membership,UNS/ADonAWSOneCloudGAProd_MS,FALSE,,FALSE
Create,,Privileged,Privileged,,,cba-a-pr-0929076-dpg-prd-cyber_securit-VMUser-SR,cba-a-pr-0929076-dpg-prd-cyber_securit-VMUser-SR,Grants User privileges to the cba-a-pr-0929076-dpg-prd-cyber_securit VM OneCloud instances.,PSHR,00373910,OneCloud for Cybersecurity\cba-a-pr-0929076-dpg-prd-cyber_securit,,,,,cba-a-pr-0929076-dpg-prd-cyber_securit,,FALSE,FALSE,NonRequestableShop\NonRequestableShelf,,Remove Membership,UNS/ADonAWSOneCloudGAProd_MS,FALSE,,FALSE