ChangeType,ServiceRole imsID,ServiceRoleName,ServiceProfile imsID,NameSpaceType,Namespace Name,Container Structure,Name (CN)
Create,,cba-a-pr-0929076-dpg-prd-cyber_securit-WorkspaceAdmin-SR,,UNS,AWSIAMOneCloudGAProd_MS,AWSIAMOneCloudGAProd_MS/AWSIAMOneCloudGAProd_MS,SGG-WS-cba-a-pr-0929076-dpg-prd-cyber_securit-Admin
Create,,cba-a-pr-0929076-dpg-prd-cyber_securit-WorkspacePuser-SR,,UNS,AWSIAMOneCloudGAProd_MS,AWSIAMOneCloudGAProd_MS/AWSIAMOneCloudGAProd_MS,SGG-WS-cba-a-pr-0929076-dpg-prd-cyber_securit-PUser
Create,,cba-a-pr-0929076-dpg-prd-cyber_securit-WorkspaceUser-SR,,UNS,AWSIAMOneCloudGAProd_MS,AWSIAMOneCloudGAProd_MS/AWSIAMOneCloudGAProd_MS,SGG-WS-cba-a-pr-0929076-dpg-prd-cyber_securit-User
Create,,cba-a-pr-0929076-dpg-prd-cyber_securit-VMAdmin-SR,,UNS,ADonAWSOneCloudGAProd_MS,ADonAWSOneCloudGAProd_MS/ADonAzureOneCloudGAProd_MS,SGG-VM-cba-a-pr-0929076-dpg-prd-cyber_securit-Admin
Create,,cba-a-pr-0929076-dpg-prd-cyber_securit-VMPuser-SR,,UNS,ADonAWSOneCloudGAProd_MS,ADonAWSOneCloudGAProd_MS/ADonAzureOneCloudGAProd_MS,SGG-VM-cba-a-pr-0929076-dpg-prd-cyber_securit-Puser
Create,,cba-a-pr-0929076-dpg-prd-cyber_securit-VMUser-SR,,UNS,ADonAWSOneCloudGAProd_MS,ADonAWSOneCloudGAProd_MS/ADonAzureOneCloudGAProd_MS,SGG-VM-cba-a-pr-0929076-dpg-prd-cyber_securit-User