ChangeType,BusinessRole imsID,BusinessRoleName,ServiceRole imsID,ServiceRoleName
Create,,cba-a-pr-0929076-dpg-prd-cyber_securit - Workspace Admin,,cba-a-pr-0929076-dpg-prd-cyber_securit-WorkspaceAdmin-SR
Create,,cba-a-pr-0929076-dpg-prd-cyber_securit - Workspace Puser,,cba-a-pr-0929076-dpg-prd-cyber_securit-WorkspacePuser-SR
Create,,cba-a-pr-0929076-dpg-prd-cyber_securit - Workspace User,,cba-a-pr-0929076-dpg-prd-cyber_securit-WorkspaceUser-SR
Create,,cba-a-pr-0929076-dpg-prd-cyber_securit - VM Admin,,cba-a-pr-0929076-dpg-prd-cyber_securit-VMAdmin-SR
Create,,cba-a-pr-0929076-dpg-prd-cyber_securit - VM Puser,,cba-a-pr-0929076-dpg-prd-cyber_securit-VMPuser-SR
Create,,cba-a-pr-0929076-dpg-prd-cyber_securit - VM User,,cba-a-pr-0929076-dpg-prd-cyber_securit-VMUser-SR
Create,,cba-a-pr-0929076-dpg-prd-cyber_securit - VM Admin,,OneCloud Private SSH Proxy - Production Access-SR