ChangeType,Role Type,Role Name,HR Source User,User StaffID,User imsID,Reason,Send Mail
Add,Approver Role,cba-a-pr-0929076-dpg-prd-cyber_securit Approval Role,PSHR,00373910,,User load for cba-a-pr-0929076-dpg-prd-cyber_securit creation,TRUE
Add,Business Role,cba-a-pr-0929076-dpg-prd-cyber_securit - Workspace Admin,PSHR,00412560,,User load for cba-a-pr-0929076-dpg-prd-cyber_securit creation,TRUE
Add,Business Role,cba-a-pr-0929076-dpg-prd-cyber_securit - Workspace Admin,PSHR,00409254,,User load for cba-a-pr-0929076-dpg-prd-cyber_securit creation,TRUE
Add,Business Role,cba-a-pr-0929076-dpg-prd-cyber_securit - Workspace Admin,PSHR,00419447,,User load for cba-a-pr-0929076-dpg-prd-cyber_securit creation,TRUE
Add,Business Role,cba-a-pr-0929076-dpg-prd-cyber_securit - Workspace Admin,PSHR,00367894,,User load for cba-a-pr-0929076-dpg-prd-cyber_securit creation,TRUE
Add,Business Role,cba-a-pr-0929076-dpg-prd-cyber_securit - Workspace Admin,PSHR,00345024,,User load for cba-a-pr-0929076-dpg-prd-cyber_securit creation,TRUE
Add,Business Role,cba-a-pr-0929076-dpg-prd-cyber_securit - Workspace Admin,PSHR,00427516,,User load for cba-a-pr-0929076-dpg-prd-cyber_securit creation,TRUE