Change Type,Requested Service Item,Dependent Service Item,Desciption,Exclusionary,Mandatory,Optional,Contained
Create,cba-a-pr-0929076-dpg-prd-cyber_securit - Workspace Admin,cba-a-pr-0929076-dpg-prd-cyber_securit - Workspace Puser,The cba-a-pr-0929076-dpg-prd-cyber_securit - Workspace Admin role cannot be assigned along with cba-a-pr-0929076-dpg-prd-cyber_securit - Workspace Puser role.,TRUE,FALSE,FALSE,FALSE
Create,cba-a-pr-0929076-dpg-prd-cyber_securit - Workspace Admin,cba-a-pr-0929076-dpg-prd-cyber_securit - Workspace User,The cba-a-pr-0929076-dpg-prd-cyber_securit - Workspace Admin role cannot be assigned along with cba-a-pr-0929076-dpg-prd-cyber_securit - Workspace User role.,TRUE,FALSE,FALSE,FALSE
Create,cba-a-pr-0929076-dpg-prd-cyber_securit - Workspace Puser,cba-a-pr-0929076-dpg-prd-cyber_securit - Workspace User,The cba-a-pr-0929076-dpg-prd-cyber_securit - Workspace Puser role cannot be assigned along with cba-a-pr-0929076-dpg-prd-cyber_securit - Workspace User role.,TRUE,FALSE,FALSE,FALSE
Create,cba-a-pr-0929076-dpg-prd-cyber_securit - VM Admin,cba-a-pr-0929076-dpg-prd-cyber_securit - VM Puser,The cba-a-pr-0929076-dpg-prd-cyber_securit - VM Admin role cannot be assigned along with cba-a-pr-0929076-dpg-prd-cyber_securit - VM Puser role.,TRUE,FALSE,FALSE,FALSE
Create,cba-a-pr-0929076-dpg-prd-cyber_securit - VM Admin,cba-a-pr-0929076-dpg-prd-cyber_securit - VM User,The cba-a-pr-0929076-dpg-prd-cyber_securit - VM Admin role cannot be assigned along with cba-a-pr-0929076-dpg-prd-cyber_securit - VM User role.,TRUE,FALSE,FALSE,FALSE
Create,cba-a-pr-0929076-dpg-prd-cyber_securit - VM Puser,cba-a-pr-0929076-dpg-prd-cyber_securit - VM User,The cba-a-pr-0929076-dpg-prd-cyber_securit - VM Puser role cannot be assigned along with cba-a-pr-0929076-dpg-prd-cyber_securit - VM User role.,TRUE,FALSE,FALSE,FALSE