{
    "request": {
        "ci-number": true,
        "request_it_id": true
    },
    "requestor" : {
        "requestor_name": true,
        "requestor_email": true,
        "staff_number": true
    },
    "workspace": {
        "preferred_name": true,
        "data_classification": true,
        "purpose": true,
        "total_max_number_of_application_components": true,
        "total_max_number_of_database_components": true,
        "total_max_number_of_other_components": true,
        "describe_other_components": false,
        "running_containers": true,
        "scaling_requirements": true
    },
    "containers_cluster_configuration": false,
    "metadata": false
}